[
  {
    "model": "djangorestapp.event",
    "pk": 3,
    "fields": {
      "name": "School Event",
      "active": true,
      "child_mode": false,
      "date": "2020-10-31"
    }
  },
  {
    "model": "djangorestapp.quizbank",
    "pk": 3,
    "fields": { "name": "5 General Questions", "timer": 5 }
  },
  {
    "model": "djangorestapp.quizbank",
    "pk": 4,
    "fields": { "name": "Households", "timer": 5 }
  },
  {
    "model": "djangorestapp.quizbank",
    "pk": 5,
    "fields": { "name": "WORKPLACES", "timer": 5 }
  },
  {
    "model": "djangorestapp.quizbank",
    "pk": 6,
    "fields": { "name": "Classrooms", "timer": 5 }
  },
  {
    "model": "djangorestapp.eventquiz",
    "pk": 3,
    "fields": { "event": 3, "quiz": 6 }
  },
  {
    "model": "djangorestapp.questionbank",
    "pk": 7,
    "fields": {
      "question": "Which energy source do we use the most for electricity in Tennessee? ",
      "info_link": "https://www.eia.gov/state/?sid=TN#tabs-4"
    }
  },
  {
    "model": "djangorestapp.questionbank",
    "pk": 8,
    "fields": {
      "question": "What percentage of food in the US goes uneaten? ",
      "info_link": "https://www.nrdc.org/resources/wasted-how-america-losing-40-percent-its-food-farm-fork-landfill"
    }
  },
  {
    "model": "djangorestapp.questionbank",
    "pk": 9,
    "fields": {
      "question": "Which of these is an effective way to reduce your carbon footprint?",
      "info_link": "https://www.nytimes.com/guides/year-of-living-better/how-to-reduce-your-carbon-footprint"
    }
  },
  {
    "model": "djangorestapp.questionbank",
    "pk": 10,
    "fields": {
      "question": "What sector was the largest source of greenhouse gas emissions in 2017?",
      "info_link": "https://www.epa.gov/ghgemissions/sources-greenhouse-gas-emissions"
    }
  },
  {
    "model": "djangorestapp.questionbank",
    "pk": 11,
    "fields": {
      "question": "Food waste that decomposes in a landfill releases ______, a greenhouse gas almost 25 times more harmful to the atmosphere than carbon dioxide?",
      "info_link": "https://www.climatecentral.org/gallery/graphics/food-waste-methane-and-climate-change"
    }
  },
  {
    "model": "djangorestapp.questionbank",
    "pk": 12,
    "fields": {
      "question": "Which of the following household appliances uses the most energy?",
      "info_link": "https://www.eia.gov/energyexplained/use-of-energy/electricity-use-in-homes.php"
    }
  },
  {
    "model": "djangorestapp.questionbank",
    "pk": 13,
    "fields": {
      "question": "LED light bulbs use ______ less energy than a typical incandescent light bulb.",
      "info_link": "https://www.energy.gov/energysaver/save-electricity-and-fuel/lighting-choices-save-you-money/led-lighting"
    }
  },
  {
    "model": "djangorestapp.questionbank",
    "pk": 14,
    "fields": {
      "question": "____________ can add $100 per year to the energy bill of the average American household through wasted energy.",
      "info_link": "https://www.energy.gov/energysaver/save-electricity-and-fuel/appliances-and-electronics/reducing-electricity-use-and-costs"
    }
  },
  {
    "model": "djangorestapp.questionbank",
    "pk": 15,
    "fields": {
      "question": "What percent of Nashville\u2019s residential landfill is made up of food scraps and yard clippings?",
      "info_link": "https://www.nashville.gov/Public-Works/Solid-Waste-Master-Plan.aspx"
    }
  },
  {
    "model": "djangorestapp.questionbank",
    "pk": 16,
    "fields": {
      "question": "How many gallons of water can a leaky faucet waste in one year?",
      "info_link": "https://www.epa.gov/watersense/fix-leak-week"
    }
  },
  {
    "model": "djangorestapp.questionbank",
    "pk": 17,
    "fields": {
      "question": "The average person in Tennessee uses about ________ gallons of water per day?",
      "info_link": "https://www.neefusa.org/weather-and-climate/weather/home-water-use-united-states"
    }
  },
  {
    "model": "djangorestapp.questionbank",
    "pk": 18,
    "fields": {
      "question": "Where does most of our drinking water come from in Nashville?",
      "info_link": "https://www.nashville.gov/Portals/0/SiteContent/WaterServices/docs/reports/Metro%20Water%20Services%20CCR%202019_FINAL_05.02.19.pdf"
    }
  },
  {
    "model": "djangorestapp.questionbank",
    "pk": 19,
    "fields": {
      "question": "On average, households waste what percentage of their food purchases?",
      "info_link": "https://onlinelibrary.wiley.com/doi/10.1002/ajae.12036"
    }
  },
  {
    "model": "djangorestapp.questionbank",
    "pk": 20,
    "fields": {
      "question": "Recycling 1 ton of paper saves __________.",
      "info_link": "https://archive.epa.gov/wastes/conserve/materials/paper/web/html/index-2.html"
    }
  },
  {
    "model": "djangorestapp.questionbank",
    "pk": 21,
    "fields": {
      "question": "The average office worker uses __________ sheets of copy paper each year.",
      "info_link": "https://www.epa.gov/facts-and-figures-about-materials-waste-and-recycling/paper-and-paperboard-material-specific-data"
    }
  },
  {
    "model": "djangorestapp.questionbank",
    "pk": 22,
    "fields": {
      "question": "156 is the number of_______ that the average office worker uses each year.  disposable coffee cups, pens, business cards, plastic bottles. ",
      "info_link": "https://d2ouvy59p0dg6k.cloudfront.net/downloads/plastic_ingestion_web_spreads.pdf"
    }
  },
  {
    "model": "djangorestapp.questionbank",
    "pk": 23,
    "fields": {
      "question": "30% of all print jobs are never even picked up from the copier.",
      "info_link": ""
    }
  },
  {
    "model": "djangorestapp.questionbank",
    "pk": 24,
    "fields": {
      "question": "20-30% of the average person's waste in a day consists of food scraps. Over the course of a month, the average person throws out around ___ pounds of food.",
      "info_link": "https://www.sciencedaily.com/releases/2018/04/180418141508.htm"
    }
  },
  {
    "model": "djangorestapp.questionbank",
    "pk": 25,
    "fields": {
      "question": "Companies with sustainability programs enjoy positive brand image as well as increased ____ among employees?",
      "info_link": "https://ssir.org/articles/entry/engaging_employees_to_create_a_sustainable_business"
    }
  },
  {
    "model": "djangorestapp.questionbank",
    "pk": 26,
    "fields": {
      "question": "Which of these items can be composted?",
      "info_link": "https://www.epa.gov/recycle/composting-home"
    }
  },
  {
    "model": "djangorestapp.questionbank",
    "pk": 27,
    "fields": {
      "question": "Of the energy used annually in the US, approximately 5 percent is consumed by __________power.",
      "info_link": "https://electronics.howstuffworks.com/everyday-tech/vampire-power1.htm"
    }
  },
  {
    "model": "djangorestapp.questionbank",
    "pk": 28,
    "fields": {
      "question": "It\u2019s estimated that nearly 480,000 school buses carry ___ million students to and from school every day of the school year. ",
      "info_link": "http://www.americanschoolbuscouncil.org/insights/environment/"
    }
  },
  {
    "model": "djangorestapp.questionbank",
    "pk": 29,
    "fields": {
      "question": "Nationally, schools waste $5 million per day in uneaten food.",
      "info_link": "https://www.ncbi.nlm.nih.gov/pubmed/23332326"
    }
  },
  {
    "model": "djangorestapp.questionbank",
    "pk": 30,
    "fields": {
      "question": "A recent study by the World Wildlife Fund estimated that as much as 45 million __________ were wasted in schools during 2019.",
      "info_link": "https://www.worldwildlife.org/stories/food-waste-warriors"
    }
  },
  {
    "model": "djangorestapp.questionbank",
    "pk": 31,
    "fields": {
      "question": "Organics (including food) make up about 50% of a school's waste stream. What is the second leading component of a school's waste?",
      "info_link": "https://www.calrecycle.ca.gov/reducewaste/schools/composition"
    }
  },
  {
    "model": "djangorestapp.questionbank",
    "pk": 32,
    "fields": {
      "question": "Of the more than 320 million people in America, what percentage go to a school in a day?",
      "info_link": "https://nces.ed.gov/fastfacts/display.asp?id=372"
    }
  },
  {
    "model": "djangorestapp.questionbank",
    "pk": 33,
    "fields": {
      "question": "Poor ____________  in schools can cause discomfort and contribute to short- and long-term health problems for students and staff.",
      "info_link": "https://www.epa.gov/schools"
    }
  },
  {
    "model": "djangorestapp.questionbank",
    "pk": 34,
    "fields": {
      "question": "K-12 schools in the U.S. spend over $6 billion a year on _________",
      "info_link": "http://www.ase.org/greenschools/"
    }
  },
  {
    "model": "djangorestapp.questionbank",
    "pk": 35,
    "fields": {
      "question": "Schools with __________reported significant increases in test scores, and progression in reading and math.",
      "info_link": "https://www.nrel.gov/docs/fy00osti/28049.pdf"
    }
  },
  {
    "model": "djangorestapp.questionbankanswer",
    "pk": 26,
    "fields": { "answer": "Coal", "is_correct": false, "question_bank": 7 }
  },
  {
    "model": "djangorestapp.questionbankanswer",
    "pk": 27,
    "fields": { "answer": "Nuclear", "is_correct": true, "question_bank": 7 }
  },
  {
    "model": "djangorestapp.questionbankanswer",
    "pk": 28,
    "fields": { "answer": "Solar", "is_correct": false, "question_bank": 7 }
  },
  {
    "model": "djangorestapp.questionbankanswer",
    "pk": 29,
    "fields": {
      "answer": "Natural Gas",
      "is_correct": false,
      "question_bank": 7
    }
  },
  {
    "model": "djangorestapp.questionbankanswer",
    "pk": 30,
    "fields": { "answer": "20%", "is_correct": false, "question_bank": 8 }
  },
  {
    "model": "djangorestapp.questionbankanswer",
    "pk": 31,
    "fields": { "answer": "30%", "is_correct": false, "question_bank": 8 }
  },
  {
    "model": "djangorestapp.questionbankanswer",
    "pk": 32,
    "fields": { "answer": "40%", "is_correct": true, "question_bank": 8 }
  },
  {
    "model": "djangorestapp.questionbankanswer",
    "pk": 33,
    "fields": { "answer": "35%", "is_correct": false, "question_bank": 8 }
  },
  {
    "model": "djangorestapp.questionbankanswer",
    "pk": 34,
    "fields": {
      "answer": "Taking a train, bus, or bike instead of driving",
      "is_correct": false,
      "question_bank": 9
    }
  },
  {
    "model": "djangorestapp.questionbankanswer",
    "pk": 35,
    "fields": {
      "answer": "Eating less meat",
      "is_correct": false,
      "question_bank": 9
    }
  },
  {
    "model": "djangorestapp.questionbankanswer",
    "pk": 36,
    "fields": {
      "answer": "Purchasing energy efficient appliances",
      "is_correct": false,
      "question_bank": 9
    }
  },
  {
    "model": "djangorestapp.questionbankanswer",
    "pk": 37,
    "fields": {
      "answer": "All of the These",
      "is_correct": true,
      "question_bank": 9
    }
  },
  {
    "model": "djangorestapp.questionbankanswer",
    "pk": 38,
    "fields": {
      "answer": "Electricity Production",
      "is_correct": false,
      "question_bank": 10
    }
  },
  {
    "model": "djangorestapp.questionbankanswer",
    "pk": 39,
    "fields": {
      "answer": "Agriculture",
      "is_correct": false,
      "question_bank": 10
    }
  },
  {
    "model": "djangorestapp.questionbankanswer",
    "pk": 40,
    "fields": {
      "answer": "Transportation",
      "is_correct": true,
      "question_bank": 10
    }
  },
  {
    "model": "djangorestapp.questionbankanswer",
    "pk": 41,
    "fields": { "answer": "Industry", "is_correct": false, "question_bank": 10 }
  },
  {
    "model": "djangorestapp.questionbankanswer",
    "pk": 42,
    "fields": { "answer": "Methane", "is_correct": true, "question_bank": 11 }
  },
  {
    "model": "djangorestapp.questionbankanswer",
    "pk": 43,
    "fields": { "answer": "Helium", "is_correct": false, "question_bank": 11 }
  },
  {
    "model": "djangorestapp.questionbankanswer",
    "pk": 44,
    "fields": { "answer": "Nitrogen", "is_correct": false, "question_bank": 11 }
  },
  {
    "model": "djangorestapp.questionbankanswer",
    "pk": 45,
    "fields": { "answer": "Argon", "is_correct": false, "question_bank": 11 }
  },
  {
    "model": "djangorestapp.questionbankanswer",
    "pk": 46,
    "fields": {
      "answer": "Refrigerator",
      "is_correct": true,
      "question_bank": 12
    }
  },
  {
    "model": "djangorestapp.questionbankanswer",
    "pk": 47,
    "fields": { "answer": "Toaster", "is_correct": false, "question_bank": 12 }
  },
  {
    "model": "djangorestapp.questionbankanswer",
    "pk": 48,
    "fields": {
      "answer": "Dishwasher",
      "is_correct": false,
      "question_bank": 12
    }
  },
  {
    "model": "djangorestapp.questionbankanswer",
    "pk": 49,
    "fields": {
      "answer": "Televisions",
      "is_correct": false,
      "question_bank": 12
    }
  },
  {
    "model": "djangorestapp.questionbankanswer",
    "pk": 50,
    "fields": { "answer": "25%", "is_correct": false, "question_bank": 13 }
  },
  {
    "model": "djangorestapp.questionbankanswer",
    "pk": 51,
    "fields": { "answer": "40%", "is_correct": false, "question_bank": 13 }
  },
  {
    "model": "djangorestapp.questionbankanswer",
    "pk": 52,
    "fields": { "answer": "50%", "is_correct": false, "question_bank": 13 }
  },
  {
    "model": "djangorestapp.questionbankanswer",
    "pk": 53,
    "fields": { "answer": "75%", "is_correct": true, "question_bank": 13 }
  },
  {
    "model": "djangorestapp.questionbankanswer",
    "pk": 54,
    "fields": {
      "answer": "Air conditioning",
      "is_correct": false,
      "question_bank": 14
    }
  },
  {
    "model": "djangorestapp.questionbankanswer",
    "pk": 55,
    "fields": {
      "answer": "Vampire loads",
      "is_correct": true,
      "question_bank": 14
    }
  },
  {
    "model": "djangorestapp.questionbankanswer",
    "pk": 56,
    "fields": {
      "answer": "Outdoor lighting",
      "is_correct": false,
      "question_bank": 14
    }
  },
  {
    "model": "djangorestapp.questionbankanswer",
    "pk": 57,
    "fields": {
      "answer": "Bathrooms fans",
      "is_correct": false,
      "question_bank": 14
    }
  },
  {
    "model": "djangorestapp.questionbankanswer",
    "pk": 58,
    "fields": { "answer": "70%", "is_correct": false, "question_bank": 15 }
  },
  {
    "model": "djangorestapp.questionbankanswer",
    "pk": 59,
    "fields": { "answer": "50%", "is_correct": false, "question_bank": 15 }
  },
  {
    "model": "djangorestapp.questionbankanswer",
    "pk": 60,
    "fields": { "answer": "32%", "is_correct": true, "question_bank": 15 }
  },
  {
    "model": "djangorestapp.questionbankanswer",
    "pk": 61,
    "fields": { "answer": "5%", "is_correct": false, "question_bank": 15 }
  },
  {
    "model": "djangorestapp.questionbankanswer",
    "pk": 62,
    "fields": {
      "answer": "3000 gallons",
      "is_correct": true,
      "question_bank": 16
    }
  },
  {
    "model": "djangorestapp.questionbankanswer",
    "pk": 63,
    "fields": {
      "answer": "300 gallons",
      "is_correct": false,
      "question_bank": 16
    }
  },
  {
    "model": "djangorestapp.questionbankanswer",
    "pk": 64,
    "fields": {
      "answer": "30 gallons",
      "is_correct": false,
      "question_bank": 16
    }
  },
  {
    "model": "djangorestapp.questionbankanswer",
    "pk": 65,
    "fields": {
      "answer": "3 gallons",
      "is_correct": false,
      "question_bank": 16
    }
  },
  {
    "model": "djangorestapp.questionbankanswer",
    "pk": 66,
    "fields": {
      "answer": "15 gallons",
      "is_correct": false,
      "question_bank": 17
    }
  },
  {
    "model": "djangorestapp.questionbankanswer",
    "pk": 67,
    "fields": {
      "answer": "40 gallons",
      "is_correct": false,
      "question_bank": 17
    }
  },
  {
    "model": "djangorestapp.questionbankanswer",
    "pk": 68,
    "fields": {
      "answer": "80 gallons",
      "is_correct": true,
      "question_bank": 17
    }
  },
  {
    "model": "djangorestapp.questionbankanswer",
    "pk": 69,
    "fields": {
      "answer": "100 gallons",
      "is_correct": false,
      "question_bank": 17
    }
  },
  {
    "model": "djangorestapp.questionbankanswer",
    "pk": 70,
    "fields": {
      "answer": "Groundwater aquifer",
      "is_correct": false,
      "question_bank": 18
    }
  },
  {
    "model": "djangorestapp.questionbankanswer",
    "pk": 71,
    "fields": {
      "answer": "Cumberland River",
      "is_correct": true,
      "question_bank": 18
    }
  },
  {
    "model": "djangorestapp.questionbankanswer",
    "pk": 72,
    "fields": {
      "answer": "River water shipped from another state",
      "is_correct": false,
      "question_bank": 18
    }
  },
  {
    "model": "djangorestapp.questionbankanswer",
    "pk": 73,
    "fields": {
      "answer": "Man made lakes",
      "is_correct": false,
      "question_bank": 18
    }
  },
  {
    "model": "djangorestapp.questionbankanswer",
    "pk": 74,
    "fields": { "answer": "15%", "is_correct": false, "question_bank": 19 }
  },
  {
    "model": "djangorestapp.questionbankanswer",
    "pk": 75,
    "fields": { "answer": "20%", "is_correct": false, "question_bank": 19 }
  },
  {
    "model": "djangorestapp.questionbankanswer",
    "pk": 76,
    "fields": { "answer": "30%", "is_correct": true, "question_bank": 19 }
  },
  {
    "model": "djangorestapp.questionbankanswer",
    "pk": 77,
    "fields": { "answer": "40%", "is_correct": false, "question_bank": 19 }
  },
  {
    "model": "djangorestapp.questionbankanswer",
    "pk": 78,
    "fields": {
      "answer": "17 mature trees",
      "is_correct": false,
      "question_bank": 20
    }
  },
  {
    "model": "djangorestapp.questionbankanswer",
    "pk": 79,
    "fields": {
      "answer": "7,000 gallons of water",
      "is_correct": false,
      "question_bank": 20
    }
  },
  {
    "model": "djangorestapp.questionbankanswer",
    "pk": 80,
    "fields": {
      "answer": "3 cubic yards of landfill space",
      "is_correct": false,
      "question_bank": 20
    }
  },
  {
    "model": "djangorestapp.questionbankanswer",
    "pk": 81,
    "fields": {
      "answer": "All of the These",
      "is_correct": true,
      "question_bank": 20
    }
  },
  {
    "model": "djangorestapp.questionbankanswer",
    "pk": 82,
    "fields": { "answer": "10k", "is_correct": true, "question_bank": 21 }
  },
  {
    "model": "djangorestapp.questionbankanswer",
    "pk": 83,
    "fields": { "answer": "5K", "is_correct": false, "question_bank": 21 }
  },
  {
    "model": "djangorestapp.questionbankanswer",
    "pk": 84,
    "fields": { "answer": "3k", "is_correct": false, "question_bank": 21 }
  },
  {
    "model": "djangorestapp.questionbankanswer",
    "pk": 85,
    "fields": { "answer": "1k", "is_correct": false, "question_bank": 21 }
  },
  {
    "model": "djangorestapp.questionbankanswer",
    "pk": 86,
    "fields": {
      "answer": "Disposable coffee cups",
      "is_correct": false,
      "question_bank": 22
    }
  },
  {
    "model": "djangorestapp.questionbankanswer",
    "pk": 87,
    "fields": { "answer": "Pens", "is_correct": false, "question_bank": 22 }
  },
  {
    "model": "djangorestapp.questionbankanswer",
    "pk": 88,
    "fields": {
      "answer": "Business cards",
      "is_correct": false,
      "question_bank": 22
    }
  },
  {
    "model": "djangorestapp.questionbankanswer",
    "pk": 89,
    "fields": {
      "answer": "Plastic bottles",
      "is_correct": true,
      "question_bank": 22
    }
  },
  {
    "model": "djangorestapp.questionbankanswer",
    "pk": 90,
    "fields": { "answer": "True", "is_correct": true, "question_bank": 23 }
  },
  {
    "model": "djangorestapp.questionbankanswer",
    "pk": 91,
    "fields": { "answer": "False", "is_correct": false, "question_bank": 23 }
  },
  {
    "model": "djangorestapp.questionbankanswer",
    "pk": 92,
    "fields": {
      "answer": "13 pounds",
      "is_correct": false,
      "question_bank": 24
    }
  },
  {
    "model": "djangorestapp.questionbankanswer",
    "pk": 93,
    "fields": { "answer": "23 pounds", "is_correct": true, "question_bank": 24 }
  },
  {
    "model": "djangorestapp.questionbankanswer",
    "pk": 94,
    "fields": {
      "answer": "33 pounds",
      "is_correct": false,
      "question_bank": 24
    }
  },
  {
    "model": "djangorestapp.questionbankanswer",
    "pk": 95,
    "fields": {
      "answer": "43 pounds",
      "is_correct": false,
      "question_bank": 24
    }
  },
  {
    "model": "djangorestapp.questionbankanswer",
    "pk": 96,
    "fields": {
      "answer": "Productivity",
      "is_correct": false,
      "question_bank": 25
    }
  },
  {
    "model": "djangorestapp.questionbankanswer",
    "pk": 97,
    "fields": {
      "answer": "Retention",
      "is_correct": false,
      "question_bank": 25
    }
  },
  {
    "model": "djangorestapp.questionbankanswer",
    "pk": 98,
    "fields": { "answer": "Morale", "is_correct": false, "question_bank": 25 }
  },
  {
    "model": "djangorestapp.questionbankanswer",
    "pk": 99,
    "fields": {
      "answer": "All of the These",
      "is_correct": true,
      "question_bank": 25
    }
  },
  {
    "model": "djangorestapp.questionbankanswer",
    "pk": 100,
    "fields": {
      "answer": "Paper Coffee Cups",
      "is_correct": false,
      "question_bank": 26
    }
  },
  {
    "model": "djangorestapp.questionbankanswer",
    "pk": 101,
    "fields": {
      "answer": "Coffee grounds",
      "is_correct": false,
      "question_bank": 26
    }
  },
  {
    "model": "djangorestapp.questionbankanswer",
    "pk": 102,
    "fields": {
      "answer": "All of the These",
      "is_correct": true,
      "question_bank": 26
    }
  },
  {
    "model": "djangorestapp.questionbankanswer",
    "pk": 103,
    "fields": {
      "answer": "Orange Peels",
      "is_correct": false,
      "question_bank": 26
    }
  },
  {
    "model": "djangorestapp.questionbankanswer",
    "pk": 104,
    "fields": { "answer": "Vampire", "is_correct": true, "question_bank": 27 }
  },
  {
    "model": "djangorestapp.questionbankanswer",
    "pk": 105,
    "fields": { "answer": "Ghost", "is_correct": false, "question_bank": 27 }
  },
  {
    "model": "djangorestapp.questionbankanswer",
    "pk": 106,
    "fields": { "answer": "Zombie", "is_correct": false, "question_bank": 27 }
  },
  {
    "model": "djangorestapp.questionbankanswer",
    "pk": 107,
    "fields": {
      "answer": "Frankenstein",
      "is_correct": false,
      "question_bank": 27
    }
  },
  {
    "model": "djangorestapp.questionbankanswer",
    "pk": 108,
    "fields": {
      "answer": "6 million",
      "is_correct": false,
      "question_bank": 28
    }
  },
  {
    "model": "djangorestapp.questionbankanswer",
    "pk": 109,
    "fields": {
      "answer": "16 million",
      "is_correct": false,
      "question_bank": 28
    }
  },
  {
    "model": "djangorestapp.questionbankanswer",
    "pk": 110,
    "fields": {
      "answer": "20 million",
      "is_correct": false,
      "question_bank": 28
    }
  },
  {
    "model": "djangorestapp.questionbankanswer",
    "pk": 111,
    "fields": {
      "answer": "26 million",
      "is_correct": true,
      "question_bank": 28
    }
  },
  {
    "model": "djangorestapp.questionbankanswer",
    "pk": 112,
    "fields": { "answer": "True", "is_correct": true, "question_bank": 29 }
  },
  {
    "model": "djangorestapp.questionbankanswer",
    "pk": 113,
    "fields": { "answer": "False", "is_correct": false, "question_bank": 29 }
  },
  {
    "model": "djangorestapp.questionbankanswer",
    "pk": 114,
    "fields": {
      "answer": "Pounds of paper",
      "is_correct": false,
      "question_bank": 30
    }
  },
  {
    "model": "djangorestapp.questionbankanswer",
    "pk": 115,
    "fields": {
      "answer": "Gallons of milk",
      "is_correct": true,
      "question_bank": 30
    }
  },
  {
    "model": "djangorestapp.questionbankanswer",
    "pk": 116,
    "fields": {
      "answer": "Tons of food",
      "is_correct": false,
      "question_bank": 30
    }
  },
  {
    "model": "djangorestapp.questionbankanswer",
    "pk": 117,
    "fields": {
      "answer": "Pounds of plastic waste",
      "is_correct": false,
      "question_bank": 30
    }
  },
  {
    "model": "djangorestapp.questionbankanswer",
    "pk": 118,
    "fields": {
      "answer": "Glue sticks",
      "is_correct": false,
      "question_bank": 31
    }
  },
  {
    "model": "djangorestapp.questionbankanswer",
    "pk": 119,
    "fields": {
      "answer": "Art supplies",
      "is_correct": false,
      "question_bank": 31
    }
  },
  {
    "model": "djangorestapp.questionbankanswer",
    "pk": 120,
    "fields": { "answer": "Paper", "is_correct": true, "question_bank": 31 }
  },
  {
    "model": "djangorestapp.questionbankanswer",
    "pk": 121,
    "fields": {
      "answer": "Writing utensils",
      "is_correct": false,
      "question_bank": 31
    }
  },
  {
    "model": "djangorestapp.questionbankanswer",
    "pk": 122,
    "fields": { "answer": "15%", "is_correct": false, "question_bank": 32 }
  },
  {
    "model": "djangorestapp.questionbankanswer",
    "pk": 123,
    "fields": { "answer": "20%", "is_correct": true, "question_bank": 32 }
  },
  {
    "model": "djangorestapp.questionbankanswer",
    "pk": 124,
    "fields": { "answer": "25%", "is_correct": false, "question_bank": 32 }
  },
  {
    "model": "djangorestapp.questionbankanswer",
    "pk": 125,
    "fields": { "answer": "30%", "is_correct": false, "question_bank": 32 }
  },
  {
    "model": "djangorestapp.questionbankanswer",
    "pk": 126,
    "fields": { "answer": "Lighting", "is_correct": false, "question_bank": 33 }
  },
  {
    "model": "djangorestapp.questionbankanswer",
    "pk": 127,
    "fields": { "answer": "Heating", "is_correct": false, "question_bank": 33 }
  },
  {
    "model": "djangorestapp.questionbankanswer",
    "pk": 128,
    "fields": { "answer": "Plumbing", "is_correct": false, "question_bank": 33 }
  },
  {
    "model": "djangorestapp.questionbankanswer",
    "pk": 129,
    "fields": {
      "answer": "Indoor air quality",
      "is_correct": true,
      "question_bank": 33
    }
  },
  {
    "model": "djangorestapp.questionbankanswer",
    "pk": 130,
    "fields": { "answer": "Food", "is_correct": false, "question_bank": 34 }
  },
  {
    "model": "djangorestapp.questionbankanswer",
    "pk": 131,
    "fields": {
      "answer": "Paper supplies",
      "is_correct": false,
      "question_bank": 34
    }
  },
  {
    "model": "djangorestapp.questionbankanswer",
    "pk": 132,
    "fields": {
      "answer": "Textbooks",
      "is_correct": false,
      "question_bank": 34
    }
  },
  {
    "model": "djangorestapp.questionbankanswer",
    "pk": 133,
    "fields": { "answer": "Energy", "is_correct": true, "question_bank": 34 }
  },
  {
    "model": "djangorestapp.questionbankanswer",
    "pk": 134,
    "fields": { "answer": "Sports", "is_correct": false, "question_bank": 35 }
  },
  {
    "model": "djangorestapp.questionbankanswer",
    "pk": 135,
    "fields": {
      "answer": "Natural light",
      "is_correct": true,
      "question_bank": 35
    }
  },
  {
    "model": "djangorestapp.questionbankanswer",
    "pk": 136,
    "fields": { "answer": "Clubs", "is_correct": false, "question_bank": 35 }
  },
  {
    "model": "djangorestapp.questionbankanswer",
    "pk": 137,
    "fields": { "answer": "Gardens", "is_correct": false, "question_bank": 35 }
  },
  {
    "model": "djangorestapp.quizquestion",
    "pk": 9,
    "fields": { "quiz_bank": 3, "question_bank": 7 }
  },
  {
    "model": "djangorestapp.quizquestion",
    "pk": 10,
    "fields": { "quiz_bank": 3, "question_bank": 8 }
  },
  {
    "model": "djangorestapp.quizquestion",
    "pk": 11,
    "fields": { "quiz_bank": 3, "question_bank": 9 }
  },
  {
    "model": "djangorestapp.quizquestion",
    "pk": 12,
    "fields": { "quiz_bank": 3, "question_bank": 10 }
  },
  {
    "model": "djangorestapp.quizquestion",
    "pk": 13,
    "fields": { "quiz_bank": 3, "question_bank": 11 }
  },
  {
    "model": "djangorestapp.quizquestion",
    "pk": 14,
    "fields": { "quiz_bank": 4, "question_bank": 12 }
  },
  {
    "model": "djangorestapp.quizquestion",
    "pk": 15,
    "fields": { "quiz_bank": 4, "question_bank": 13 }
  },
  {
    "model": "djangorestapp.quizquestion",
    "pk": 16,
    "fields": { "quiz_bank": 4, "question_bank": 14 }
  },
  {
    "model": "djangorestapp.quizquestion",
    "pk": 17,
    "fields": { "quiz_bank": 4, "question_bank": 15 }
  },
  {
    "model": "djangorestapp.quizquestion",
    "pk": 18,
    "fields": { "quiz_bank": 4, "question_bank": 16 }
  },
  {
    "model": "djangorestapp.quizquestion",
    "pk": 19,
    "fields": { "quiz_bank": 4, "question_bank": 17 }
  },
  {
    "model": "djangorestapp.quizquestion",
    "pk": 20,
    "fields": { "quiz_bank": 4, "question_bank": 18 }
  },
  {
    "model": "djangorestapp.quizquestion",
    "pk": 21,
    "fields": { "quiz_bank": 4, "question_bank": 19 }
  },
  {
    "model": "djangorestapp.quizquestion",
    "pk": 22,
    "fields": { "quiz_bank": 5, "question_bank": 20 }
  },
  {
    "model": "djangorestapp.quizquestion",
    "pk": 23,
    "fields": { "quiz_bank": 5, "question_bank": 21 }
  },
  {
    "model": "djangorestapp.quizquestion",
    "pk": 24,
    "fields": { "quiz_bank": 5, "question_bank": 22 }
  },
  {
    "model": "djangorestapp.quizquestion",
    "pk": 25,
    "fields": { "quiz_bank": 5, "question_bank": 23 }
  },
  {
    "model": "djangorestapp.quizquestion",
    "pk": 26,
    "fields": { "quiz_bank": 5, "question_bank": 24 }
  },
  {
    "model": "djangorestapp.quizquestion",
    "pk": 27,
    "fields": { "quiz_bank": 5, "question_bank": 25 }
  },
  {
    "model": "djangorestapp.quizquestion",
    "pk": 28,
    "fields": { "quiz_bank": 5, "question_bank": 26 }
  },
  {
    "model": "djangorestapp.quizquestion",
    "pk": 29,
    "fields": { "quiz_bank": 5, "question_bank": 27 }
  },
  {
    "model": "djangorestapp.quizquestion",
    "pk": 30,
    "fields": { "quiz_bank": 6, "question_bank": 28 }
  },
  {
    "model": "djangorestapp.quizquestion",
    "pk": 31,
    "fields": { "quiz_bank": 6, "question_bank": 29 }
  },
  {
    "model": "djangorestapp.quizquestion",
    "pk": 32,
    "fields": { "quiz_bank": 6, "question_bank": 30 }
  },
  {
    "model": "djangorestapp.quizquestion",
    "pk": 33,
    "fields": { "quiz_bank": 6, "question_bank": 31 }
  },
  {
    "model": "djangorestapp.quizquestion",
    "pk": 34,
    "fields": { "quiz_bank": 6, "question_bank": 32 }
  },
  {
    "model": "djangorestapp.quizquestion",
    "pk": 35,
    "fields": { "quiz_bank": 6, "question_bank": 33 }
  },
  {
    "model": "djangorestapp.quizquestion",
    "pk": 36,
    "fields": { "quiz_bank": 6, "question_bank": 34 }
  },
  {
    "model": "djangorestapp.quizquestion",
    "pk": 37,
    "fields": { "quiz_bank": 6, "question_bank": 35 }
  }
]
